timestamp,username,source_ip,status
2025-09-15 11:24:06,admin,192.168.1.20,FAILED
2025-09-15 16:24:06,guest,192.168.1.11,FAILED
2025-09-15 21:40:06,raj,10.0.0.5,FAILED
2025-09-14 20:39:06,raj,172.16.0.2,FAILED
2025-09-15 23:59:06,riya,192.168.1.20,FAILED
2025-09-16 16:42:06,admin,10.0.0.5,SUCCESS
2025-09-16 01:26:06,guest,192.168.1.10,FAILED
2025-09-17 15:31:06,test,172.16.0.2,SUCCESS
2025-09-15 18:55:06,raj,10.0.0.5,FAILED
2025-09-14 18:36:06,admin,172.16.0.2,FAILED
2025-09-17 15:44:06,riya,172.16.0.2,SUCCESS
2025-09-16 12:11:06,admin,172.16.0.2,SUCCESS
2025-09-16 16:38:06,guest,192.168.1.11,SUCCESS
2025-09-14 23:22:06,raj,192.168.1.20,FAILED
2025-09-16 07:23:06,guest,172.16.0.2,FAILED
2025-09-15 20:57:06,guest,10.0.0.5,FAILED
2025-09-16 10:58:06,riya,192.168.1.20,SUCCESS
2025-09-14 19:07:06,riya,10.0.0.5,SUCCESS
2025-09-15 21:25:06,raj,192.168.1.10,FAILED
2025-09-16 21:05:06,admin,172.16.0.2,FAILED
2025-09-16 04:00:06,riya,10.0.0.5,FAILED
2025-09-15 21:03:06,admin,192.168.1.20,FAILED
2025-09-16 19:50:06,admin,192.168.1.20,SUCCESS
2025-09-15 06:49:06,raj,192.168.1.11,SUCCESS
2025-09-17 02:32:06,guest,10.0.0.5,FAILED
2025-09-17 02:10:06,raj,10.0.0.5,SUCCESS
2025-09-15 19:22:06,admin,192.168.1.20,FAILED
2025-09-15 01:40:06,riya,192.168.1.20,FAILED
2025-09-16 13:39:06,riya,10.0.0.5,SUCCESS
2025-09-14 15:44:06,riya,192.168.1.20,FAILED
2025-09-14 16:03:06,guest,172.16.0.2,FAILED
2025-09-16 11:45:06,riya,192.168.1.11,FAILED
2025-09-15 21:06:06,test,192.168.1.11,FAILED
2025-09-16 04:26:06,riya,192.168.1.10,SUCCESS
2025-09-17 08:53:06,raj,10.0.0.5,FAILED
2025-09-17 15:42:06,raj,172.16.0.2,FAILED
2025-09-15 11:59:06,guest,192.168.1.20,FAILED
2025-09-17 01:15:06,riya,192.168.1.10,FAILED
2025-09-15 18:10:06,admin,192.168.1.10,FAILED
2025-09-17 06:41:06,riya,192.168.1.10,FAILED
2025-09-14 18:59:06,riya,192.168.1.10,FAILED
2025-09-17 01:14:06,admin,192.168.1.20,FAILED
2025-09-15 02:33:06,guest,10.0.0.5,FAILED
2025-09-16 16:52:06,riya,192.168.1.20,FAILED
2025-09-17 00:10:06,riya,192.168.1.11,FAILED
2025-09-16 07:23:06,raj,192.168.1.10,FAILED
2025-09-17 10:52:06,raj,192.168.1.11,FAILED
2025-09-14 21:21:06,guest,172.16.0.2,SUCCESS
2025-09-16 00:36:06,guest,172.16.0.2,FAILED
2025-09-15 17:08:06,raj,192.168.1.10,SUCCESS
2025-09-14 20:02:06,guest,192.168.1.20,FAILED
2025-09-14 15:57:06,guest,192.168.1.10,SUCCESS
2025-09-14 19:26:06,raj,192.168.1.10,FAILED
2025-09-16 12:09:06,raj,192.168.1.11,FAILED
2025-09-15 12:44:06,admin,192.168.1.10,FAILED
2025-09-15 23:24:06,admin,192.168.1.20,FAILED
2025-09-16 04:06:06,raj,192.168.1.20,SUCCESS
2025-09-14 20:07:06,guest,192.168.1.20,SUCCESS
2025-09-15 06:58:06,test,172.16.0.2,FAILED
2025-09-17 02:41:06,admin,172.16.0.2,FAILED
2025-09-16 06:50:06,admin,192.168.1.11,FAILED
2025-09-16 07:35:06,raj,10.0.0.5,FAILED
2025-09-16 01:41:06,test,192.168.1.11,FAILED
2025-09-17 02:17:06,raj,192.168.1.10,FAILED
2025-09-15 04:47:06,riya,192.168.1.11,FAILED
2025-09-16 00:57:06,guest,192.168.1.20,SUCCESS
2025-09-16 01:11:06,riya,172.16.0.2,SUCCESS
2025-09-15 07:32:06,test,10.0.0.5,SUCCESS
2025-09-17 00:32:06,guest,192.168.1.10,SUCCESS
2025-09-16 22:16:06,test,192.168.1.10,FAILED
2025-09-16 14:57:06,test,172.16.0.2,FAILED
2025-09-14 20:24:06,test,192.168.1.10,FAILED
2025-09-17 13:49:06,guest,192.168.1.10,FAILED
2025-09-16 04:19:06,guest,192.168.1.10,FAILED
2025-09-15 19:30:06,admin,192.168.1.20,FAILED
2025-09-15 22:56:06,raj,192.168.1.20,SUCCESS
2025-09-16 02:08:06,guest,192.168.1.10,SUCCESS
2025-09-15 05:30:06,test,192.168.1.11,SUCCESS
2025-09-15 11:18:06,raj,10.0.0.5,FAILED
2025-09-15 15:19:06,test,192.168.1.11,SUCCESS
2025-09-17 00:21:06,riya,172.16.0.2,SUCCESS
2025-09-15 19:16:06,test,192.168.1.20,SUCCESS
2025-09-16 19:03:06,guest,10.0.0.5,FAILED
2025-09-15 08:42:06,raj,192.168.1.11,FAILED
2025-09-17 05:59:06,guest,192.168.1.20,FAILED
2025-09-14 16:40:06,raj,10.0.0.5,FAILED
2025-09-15 07:50:06,admin,192.168.1.20,SUCCESS
2025-09-17 11:54:06,raj,192.168.1.11,FAILED
2025-09-15 23:26:06,riya,10.0.0.5,SUCCESS
2025-09-15 11:41:06,riya,10.0.0.5,FAILED
2025-09-17 15:39:06,riya,192.168.1.20,SUCCESS
2025-09-17 08:59:06,guest,172.16.0.2,FAILED
2025-09-16 21:05:06,admin,192.168.1.20,FAILED
2025-09-15 01:53:06,guest,192.168.1.20,FAILED
2025-09-15 09:29:06,admin,192.168.1.11,FAILED
2025-09-15 09:12:06,admin,192.168.1.10,FAILED
2025-09-17 09:58:06,riya,10.0.0.5,FAILED
2025-09-15 17:26:06,test,192.168.1.20,FAILED
2025-09-16 14:37:06,test,192.168.1.11,SUCCESS
2025-09-16 10:36:06,guest,192.168.1.11,FAILED
2025-09-15 03:24:06,riya,10.0.0.5,FAILED
2025-09-16 14:29:06,test,172.16.0.2,FAILED
2025-09-17 10:47:06,guest,172.16.0.2,FAILED
2025-09-17 12:58:06,riya,172.16.0.2,FAILED
2025-09-16 03:45:06,riya,192.168.1.10,FAILED
2025-09-14 16:38:06,raj,192.168.1.20,FAILED
2025-09-15 02:33:06,riya,192.168.1.11,FAILED
2025-09-17 12:19:06,test,192.168.1.11,FAILED
2025-09-17 01:18:06,raj,192.168.1.11,FAILED
2025-09-15 19:45:06,admin,192.168.1.10,FAILED
2025-09-15 15:27:06,riya,192.168.1.10,FAILED
2025-09-17 06:48:06,test,192.168.1.10,FAILED
2025-09-16 21:25:06,guest,10.0.0.5,FAILED
2025-09-16 07:34:06,guest,172.16.0.2,FAILED
2025-09-15 21:42:06,raj,172.16.0.2,FAILED
2025-09-16 11:14:06,admin,10.0.0.5,SUCCESS
2025-09-14 16:39:06,guest,192.168.1.11,SUCCESS
2025-09-16 01:01:06,admin,192.168.1.20,SUCCESS
2025-09-17 12:23:06,raj,192.168.1.11,SUCCESS
2025-09-16 06:47:06,raj,192.168.1.10,SUCCESS
2025-09-17 01:50:06,test,192.168.1.20,FAILED
2025-09-14 15:56:06,raj,172.16.0.2,SUCCESS
2025-09-16 14:33:06,test,10.0.0.5,FAILED
2025-09-14 19:58:06,admin,192.168.1.10,FAILED
2025-09-15 01:51:06,raj,172.16.0.2,FAILED
2025-09-16 15:10:06,test,192.168.1.20,FAILED
2025-09-17 00:50:06,admin,172.16.0.2,FAILED
2025-09-17 10:20:06,guest,10.0.0.5,FAILED
2025-09-15 16:23:06,test,172.16.0.2,FAILED
2025-09-15 05:54:06,raj,10.0.0.5,FAILED
2025-09-14 15:49:06,raj,192.168.1.11,FAILED
2025-09-16 20:24:06,raj,192.168.1.10,FAILED
2025-09-14 17:46:06,guest,192.168.1.11,SUCCESS
2025-09-15 01:58:06,admin,192.168.1.11,SUCCESS
2025-09-17 00:34:06,raj,192.168.1.10,FAILED
2025-09-15 01:03:06,guest,10.0.0.5,SUCCESS
2025-09-17 00:36:06,admin,192.168.1.20,SUCCESS
2025-09-15 00:03:06,riya,10.0.0.5,FAILED
2025-09-15 22:53:06,riya,172.16.0.2,FAILED
2025-09-15 00:50:06,guest,10.0.0.5,FAILED
2025-09-14 20:11:06,test,192.168.1.11,FAILED
2025-09-15 05:09:06,test,10.0.0.5,FAILED
2025-09-15 08:40:06,admin,10.0.0.5,SUCCESS
2025-09-17 00:05:06,raj,192.168.1.11,SUCCESS
2025-09-16 17:45:06,raj,192.168.1.11,FAILED
2025-09-15 07:43:06,guest,172.16.0.2,SUCCESS
2025-09-16 07:10:06,raj,192.168.1.10,FAILED
2025-09-14 20:50:06,raj,192.168.1.10,FAILED
2025-09-15 22:06:06,riya,192.168.1.10,FAILED
2025-09-15 10:25:06,admin,192.168.1.11,FAILED
2025-09-14 20:13:06,riya,10.0.0.5,FAILED
2025-09-17 05:16:06,guest,192.168.1.11,FAILED
2025-09-16 06:32:06,test,192.168.1.20,SUCCESS
2025-09-15 00:07:06,test,192.168.1.11,FAILED
2025-09-14 18:03:06,riya,192.168.1.20,FAILED
2025-09-14 18:30:06,test,10.0.0.5,SUCCESS
2025-09-16 12:18:06,guest,10.0.0.5,FAILED
2025-09-17 00:31:06,riya,192.168.1.10,FAILED
2025-09-15 17:55:06,riya,192.168.1.20,FAILED
2025-09-17 05:07:06,raj,10.0.0.5,FAILED
2025-09-16 03:16:06,guest,192.168.1.20,SUCCESS
2025-09-15 00:24:06,test,192.168.1.11,FAILED
2025-09-15 01:19:06,test,172.16.0.2,FAILED
2025-09-17 09:23:06,test,192.168.1.10,FAILED
2025-09-17 15:00:06,test,192.168.1.20,SUCCESS
2025-09-17 00:22:06,admin,10.0.0.5,FAILED
2025-09-17 00:25:06,riya,172.16.0.2,FAILED
2025-09-17 15:08:06,riya,10.0.0.5,SUCCESS
2025-09-16 22:48:06,admin,192.168.1.10,SUCCESS
2025-09-15 07:27:06,raj,172.16.0.2,FAILED
2025-09-15 02:44:06,test,172.16.0.2,FAILED
2025-09-17 10:28:06,riya,192.168.1.20,SUCCESS
2025-09-15 02:01:06,riya,172.16.0.2,FAILED
2025-09-16 18:43:06,riya,10.0.0.5,SUCCESS
2025-09-16 19:00:06,raj,192.168.1.11,FAILED
2025-09-15 00:59:06,riya,10.0.0.5,FAILED
2025-09-16 03:24:06,admin,192.168.1.11,FAILED
2025-09-14 20:13:06,guest,172.16.0.2,FAILED
2025-09-15 22:23:06,riya,10.0.0.5,FAILED
2025-09-15 11:41:06,raj,192.168.1.20,FAILED
2025-09-14 23:28:06,admin,10.0.0.5,SUCCESS
2025-09-17 14:58:06,guest,10.0.0.5,FAILED
2025-09-16 09:36:06,raj,192.168.1.10,SUCCESS
2025-09-16 16:55:06,test,172.16.0.2,SUCCESS
2025-09-15 17:08:06,guest,192.168.1.11,SUCCESS
2025-09-16 19:24:06,test,192.168.1.20,FAILED
2025-09-15 06:39:06,guest,172.16.0.2,FAILED
2025-09-15 11:12:06,admin,172.16.0.2,FAILED
2025-09-14 20:34:06,raj,10.0.0.5,FAILED
2025-09-15 08:17:06,riya,192.168.1.20,FAILED
2025-09-14 22:41:06,guest,192.168.1.11,SUCCESS
2025-09-17 09:29:06,riya,192.168.1.10,SUCCESS
2025-09-14 22:02:06,test,10.0.0.5,FAILED
2025-09-16 14:40:06,guest,172.16.0.2,FAILED
2025-09-15 20:42:06,guest,172.16.0.2,SUCCESS
2025-09-16 06:56:06,riya,10.0.0.5,FAILED
2025-09-16 05:31:06,guest,172.16.0.2,FAILED
2025-09-15 05:32:06,raj,192.168.1.20,SUCCESS
2025-09-16 17:11:06,riya,192.168.1.20,FAILED
2025-09-15 21:22:06,test,192.168.1.11,FAILED
